epoch,beam1_deg,beam2_deg,beam3_deg,beam4_deg,energy1,energy2,energy3,energy4,dominant_beam,dominance_ratio
1788692815.2272727,182.75020799901864,190.39193292545562,115.49904528004922,115.49904528004922,0.0,0.0,537744.875,537744.875,3,1.0
1788692815.3703964,182.75020799901864,190.39193292545562,115.47762580681206,115.47762580681206,0.0,0.0,0.0,0.0,1,0.0
1788692815.513552,182.75020799901864,190.39193292545562,81.95518030379453,81.95518030379453,0.0,0.0,0.0,0.0,1,0.0
1788692815.6567993,182.75020799901864,190.39193292545562,155.63310023926076,182.75020799901864,0.0,0.0,0.0,0.0,1,0.0
1788692815.8001726,182.75020799901864,190.39193292545562,62.953607693197405,182.75020799901864,0.0,0.0,0.0,0.0,1,0.0
1788692815.9436367,182.75020799901864,190.39193292545562,69.22533327591323,182.75020799901864,0.0,0.0,0.0,0.0,1,0.0
1788692816.1074817,182.75020799901864,190.39193292545562,182.0095969269358,182.75020799901864,0.0,0.0,0.0,0.0,1,0.0
1788692816.2399824,182.75020799901864,190.39193292545562,78.14206327509484,182.75020799901864,0.0,0.0,0.0,0.0,1,0.0
1788692816.3932445,182.75020799901864,190.39193292545562,81.77556681919071,182.75020799901864,0.0,0.0,0.0,0.0,1,0.0
1788692816.5362706,182.75020799901864,190.39193292545562,75.812668239797,75.812668239797,0.0,0.0,0.0,0.0,1,0.0
1788692816.6791286,182.75020799901864,190.39193292545562,87.47144598317193,87.47144598317193,0.0,0.0,0.0,0.0,1,0.0
1788692816.8221424,182.75020799901864,190.39193292545562,91.20247096823725,91.20247096823725,0.0,0.0,0.0,0.0,1,0.0
1788692816.9860473,182.75020799901864,190.39193292545562,85.59193501793534,85.59193501793534,0.0,0.0,0.0,0.0,1,0.0
1788692817.1290379,182.75020799901864,190.39193292545562,84.1025576279007,84.1025576279007,0.0,0.0,0.0,0.0,1,0.0
1788692817.271904,182.75020799901864,190.39193292545562,83.29931372112885,83.29931372112885,0.0,0.0,0.0,0.0,1,0.0
1788692817.4251535,182.75020799901864,190.39193292545562,73.4716277319643,73.4716277319643,0.0,0.0,0.0,0.0,1,0.0
1788692817.5890465,182.75020799901864,190.39193292545562,70.91125618950416,70.91125618950416,0.0,0.0,0.0,0.0,1,0.0
1788692817.7528157,182.75020799901864,190.39193292545562,67.57158055331307,67.57158055331307,0.0,0.0,0.0,0.0,1,0.0
1788692817.8956628,182.75020799901864,190.39193292545562,97.22909521258717,97.22909521258717,0.0,0.0,0.0,0.0,1,0.0
1788692818.0491977,182.75020799901864,190.39193292545562,64.7848087304345,64.7848087304345,0.0,0.0,0.0,0.0,1,0.0
1788692818.2128165,182.75020799901864,190.39193292545562,63.71705208767558,63.71705208767558,0.0,0.0,0.0,0.0,1,0.0
1788692818.3767006,182.75020799901864,190.39193292545562,53.79035567630253,53.79035567630253,0.0,0.0,0.0,0.0,1,0.0
1788692818.519583,182.75020799901864,190.39193292545562,86.26520725499101,86.26520725499101,0.0,0.0,0.0,0.0,1,0.0
1788692818.662452,182.75020799901864,190.39193292545562,84.06628932340793,84.06628932340793,0.0,0.0,0.0,0.0,1,0.0
1788692818.8263547,182.75020799901864,190.39193292545562,110.42795084020574,110.42795084020574,165337.40625,0.0,0.0,165337.40625,1,1.0
1788692818.9695985,182.74707977237878,190.39193292545562,187.4639401112979,182.74707977237878,2833278.0,0.0,2633523.0,2833278.0,1,1.0
1788692819.1124742,182.75020799901864,190.39193292545562,188.4064925563813,182.75020799901864,1711417.75,0.0,1947598.0,1711417.75,3,1.1380026881221723
1788692819.2556157,182.75020799901864,190.39193292545562,189.3950804764706,182.75020799901864,2094730.0,148835.046875,2402652.75,2094730.0,3,1.1469987778854553
1788692819.4192302,182.75020799901864,190.39193292545562,188.11361404477117,182.75020799901864,2010795.125,70230.859375,2268435.0,2010795.125,3,1.1281283566867608
1788692819.562125,182.75020799901864,190.39193292545562,187.79299130475243,182.75020799901864,3110221.5,0.0,3598080.0,3110221.5,3,1.1568565132740547
1788692819.7049887,182.75020799901864,190.39193292545562,186.84198308547653,182.75020799901864,1611648.625,220149.09375,1472307.75,1611648.625,1,1.0
1788692819.8479073,182.75020799901864,190.39193292545562,186.47931370092718,182.75020799901864,2067921.375,131963.15625,1839974.0,2067921.375,1,1.0
1788692820.0119119,183.08617134391324,190.39193292545562,185.78268904709924,183.08617134391324,3081111.0,0.0,2938063.5,3081111.0,1,1.0
1788692820.1692984,183.0895727781199,190.39193292545562,208.6045913661596,183.0895727781199,2041668.0,258816.6875,1477269.5,2041668.0,1,1.0
1788692820.3122296,183.0895727781199,190.39193292545562,208.9303504084342,183.0895727781199,3015204.5,118492.0234375,2553512.0,3015204.5,1,1.0
1788692820.4551024,183.0895727781199,190.39193292545562,208.9303504084342,183.0895727781199,1154060.625,0.0,818546.875,1154060.625,1,1.0
1788692820.6187484,183.0895727781199,190.39193292545562,209.63782140266412,183.0895727781199,1883731.125,0.0,1575448.125,1883731.125,1,1.0
1788692820.7616231,183.0895727781199,190.39193292545562,184.3938247208905,183.0895727781199,3435255.25,221380.21875,3444316.5,3435255.25,3,1.0026377224807386
1788692820.9045703,183.42784472695396,190.39193292545562,208.76467733992638,183.42784472695396,857658.375,0.0,637827.6875,857658.375,1,1.0
1788692821.0475097,183.42784472695396,190.39193292545562,186.87457674819584,183.42784472695396,1524064.0,0.0,1269897.0,1524064.0,1,1.0
1788692821.2111368,183.42784472695396,190.39193292545562,187.41780901364362,183.42784472695396,2124698.5,72123.2734375,1883557.75,2124698.5,1,1.0
1788692821.3540127,183.42784472695396,190.39193292545562,93.60279068787649,183.42784472695396,17477.875,0.0,0.0,17477.875,1,1.0
1788692821.4967666,183.42784472695396,190.39193292545562,89.99636201365055,183.42784472695396,0.0,0.0,0.0,0.0,1,0.0
1788692821.6396444,183.42784472695396,190.39193292545562,157.02104932012068,183.42784472695396,0.0,0.0,0.0,0.0,1,0.0
1788692821.782531,183.42784472695396,190.39193292545562,75.87606605567306,183.42784472695396,0.0,0.0,0.0,0.0,1,0.0
1788692821.9261854,183.42784472695396,190.39193292545562,189.15564136492665,183.42784472695396,0.0,0.0,0.0,0.0,1,0.0
1788692822.0897927,183.42784472695396,190.39193292545562,180.07560154269004,183.42784472695396,0.0,0.0,0.0,0.0,1,0.0
1788692822.232667,183.42784472695396,190.39193292545562,180.62794528049062,183.42784472695396,0.0,0.0,0.0,0.0,1,0.0
1788692822.375429,183.42784472695396,190.39193292545562,101.63601522734945,183.42784472695396,0.0,0.0,0.0,0.0,1,0.0
1788692822.539085,183.42784472695396,190.39193292545562,154.96240298352217,154.96240298352217,0.0,0.0,0.0,0.0,1,0.0
1788692822.681944,183.42784472695396,190.39193292545562,88.94538714568235,88.94538714568235,0.0,0.0,0.0,0.0,1,0.0
1788692822.824689,183.42784472695396,190.39193292545562,85.86447322619719,85.86447322619719,0.0,0.0,0.0,0.0,1,0.0
1788692822.9678354,183.42784472695396,190.39193292545562,84.742430239915,84.742430239915,0.0,0.0,0.0,0.0,1,0.0
1788692823.1107028,183.42784472695396,190.39193292545562,93.19118982811318,93.19118982811318,0.0,0.0,0.0,0.0,1,0.0
1788692823.2744787,183.42784472695396,190.39193292545562,175.001672574341,175.001672574341,0.0,0.0,0.0,0.0,1,0.0
1788692823.4173453,183.42784472695396,190.39193292545562,87.23503947561946,87.23503947561946,0.0,0.0,0.0,0.0,1,0.0
1788692823.5602307,183.42784472695396,190.39193292545562,81.99450853303547,81.99450853303547,0.0,0.0,0.0,0.0,1,0.0
1788692823.7031057,183.42784472695396,190.39193292545562,87.59729904881858,87.59729904881858,0.0,0.0,0.0,0.0,1,0.0
1788692823.8667502,183.42784472695396,190.39193292545562,82.8582064441511,82.8582064441511,0.0,0.0,0.0,0.0,1,0.0
1788692824.0098763,183.42784472695396,190.39193292545562,144.44866547336485,144.44866547336485,0.0,0.0,0.0,0.0,1,0.0
1788692824.1527548,183.42784472695396,190.39193292545562,142.07218311392896,142.07218311392896,187266.09375,0.0,753590.375,753590.375,3,1.0
1788692824.2958891,142.72738950062995,190.39193292545562,143.2939810130392,143.2939810130392,1388383.125,0.0,2467123.25,2467123.25,3,1.0
1788692824.4387558,143.1038148861677,190.39193292545562,146.1816210695805,146.1816210695805,1138169.625,0.0,1808385.0,1808385.0,3,1.0
1788692824.6024039,143.10762613172457,190.39193292545562,144.81563787709132,143.10762613172457,3216466.0,0.0,2859592.25,3216466.0,1,1.0
1788692824.7453043,143.3740444904901,190.39193292545562,147.61082449302734,143.3740444904901,256197.25,0.0,137755.21875,256197.25,1,1.0
1788692824.8881507,143.3740444904901,190.39193292545562,141.50317371455355,143.3740444904901,0.0,0.0,0.0,0.0,1,0.0
1788692825.031161,143.3740444904901,190.39193292545562,141.91541661209882,143.3740444904901,2592807.75,0.0,1814286.75,2592807.75,1,1.0
1788692825.1846783,143.3740444904901,190.39193292545562,139.77114702406504,143.3740444904901,389754.59375,0.0,644577.6875,389754.59375,3,1.653803952118268
1788692825.3379228,143.3740444904901,190.39193292545562,140.73000996088643,143.3740444904901,2642038.0,0.0,1892389.625,2642038.0,1,1.0
1788692825.4806752,143.3740444904901,190.39193292545562,85.01768003327734,143.3740444904901,0.0,0.0,0.0,0.0,1,0.0
1788692825.6236787,143.3740444904901,190.39193292545562,142.5693116024792,143.3740444904901,3354371.25,0.0,1311068.25,3354371.25,1,1.0
1788692825.7873175,143.3740444904901,190.39193292545562,141.19447648482566,143.3740444904901,2763589.5,0.0,2919136.5,2763589.5,3,1.0562844083754117
1788692825.9304779,143.10762613172457,190.39193292545562,93.8645440274389,143.10762613172457,375015.40625,0.0,497809.15625,375015.40625,3,1.3274365478151606
1788692826.0734575,143.10762613172457,190.39193292545562,141.360532043927,143.10762613172457,1345757.25,0.0,882652.375,1345757.25,1,1.0
1788692826.216327,143.10762613172457,190.39193292545562,97.01896444277173,143.10762613172457,0.0,0.0,0.0,0.0,1,0.0
1788692826.3590832,143.10762613172457,190.39193292545562,94.99067829703391,94.99067829703391,0.0,0.0,0.0,0.0,1,0.0
1788692826.5226078,143.10762613172457,190.39193292545562,94.3142505125817,94.3142505125817,393920.625,0.0,0.0,393920.625,1,1.0
1788692826.6654751,142.72697968927974,190.39193292545562,141.98599978698175,142.72697968927974,882531.875,0.0,344792.5625,882531.875,1,1.0
1788692826.8083532,142.72697968927974,190.39193292545562,127.85163363931404,142.72697968927974,748299.75,0.0,167814.65625,748299.75,1,1.0
1788692826.951636,142.72697968927974,190.39193292545562,141.71714988087172,142.72697968927974,3141895.0,0.0,1065656.0,3141895.0,1,1.0
1788692827.1152394,142.46364857601907,190.39193292545562,140.34977332979184,142.46364857601907,2653458.0,0.0,1194628.125,2653458.0,1,1.0
1788692827.2581277,142.46364857601907,190.39193292545562,105.84007862376232,142.46364857601907,0.0,0.0,0.0,0.0,1,0.0
1788692827.4008684,142.84079796160884,190.39193292545562,151.03654685238223,142.84079796160884,4021356.25,0.0,2097149.75,4021356.25,1,1.0
1788692827.5436347,142.84460920716572,190.39193292545562,91.43508672080037,142.84460920716572,0.0,0.0,0.0,0.0,1,0.0
1788692827.7071333,142.84460920716572,190.39193292545562,177.6700225773899,142.84460920716572,0.0,0.0,0.0,0.0,1,0.0
1788692827.8500383,142.84460920716572,190.39193292545562,96.5834306001567,142.84460920716572,0.0,0.0,0.0,0.0,1,0.0
1788692827.9931679,142.84460920716572,190.39193292545562,99.71613784411807,142.84460920716572,0.0,0.0,0.0,0.0,1,0.0
1788692828.1360314,142.84460920716572,190.39193292545562,75.2425865007219,142.84460920716572,0.0,0.0,0.0,0.0,1,0.0
1788692828.2789047,142.84460920716572,190.39193292545562,160.00200342110273,142.84460920716572,0.0,0.0,0.0,0.0,1,0.0
1788692828.4217844,142.84460920716572,190.39193292545562,77.84130955537167,142.84460920716572,0.0,0.0,0.0,0.0,1,0.0
1788692828.5646815,142.84460920716572,190.39193292545562,96.62641298060359,142.84460920716572,0.0,0.0,0.0,0.0,1,0.0
1788692828.7283154,142.84460920716572,190.39193292545562,79.768939203311,142.84460920716572,0.0,0.0,0.0,0.0,1,0.0
1788692828.8711834,142.84460920716572,190.39193292545562,87.64848448645867,142.84460920716572,0.0,0.0,0.0,0.0,1,0.0
1788692829.034961,142.84460920716572,190.39193292545562,228.2548680233679,228.2548680233679,0.0,0.0,746323.75,746323.75,3,1.0
1788692829.177884,142.84460920716572,242.34226979030257,242.84887858142076,242.84887858142076,0.0,1246606.75,3695105.0,3695105.0,3,1.0
1788692829.3208249,142.84460920716572,242.34117696003537,245.80148739734724,245.80148739734724,0.0,1962318.125,2131601.75,2131601.75,3,1.0
1788692829.4635742,142.84460920716572,242.34117696003537,246.26238856253968,246.26238856253968,0.0,736381.625,760160.375,760160.375,3,1.0
1788692829.606463,142.84460920716572,242.34117696003537,250.13180001037864,242.34117696003537,0.0,513149.1875,648488.5,513149.1875,3,1.2637426226071926
1788692829.7699687,142.84460920716572,242.34117696003537,249.1279807684402,242.34117696003537,0.0,2169519.75,3952368.0,2169519.75,3,1.821770924187254
1788692829.9130971,142.84460920716572,242.34117696003537,249.3423121045952,242.34117696003537,0.0,0.0,0.0,0.0,1,0.0
1788692830.0559928,142.84460920716572,242.34117696003537,250.78427432141163,250.78427432141163,0.0,389704.625,1025684.5,1025684.5,3,1.0
1788692830.1991348,142.84460920716572,242.34117696003537,250.5368029074037,250.5368029074037,0.0,570548.5,1058324.875,1058324.875,3,1.0
1788692830.3627484,142.84460920716572,242.34117696003537,250.35984636638702,250.35984636638702,0.0,214451.15625,379014.4375,379014.4375,3,1.0
1788692830.5054998,142.84460920716572,242.34117696003537,251.60728479564148,251.60728479564148,0.0,69845.0078125,819911.1875,819911.1875,3,1.0
1788692830.6485038,142.84460920716572,242.34117696003537,249.999840755614,242.34117696003537,0.0,1958688.25,2235292.5,1958688.25,3,1.1412191296904957
1788692830.7913907,142.84460920716572,242.71344959055776,248.76991493139147,242.71344959055776,0.0,342023.6875,621676.25,342023.6875,3,1.8176409199728307
1788692830.934663,142.84460920716572,242.71344959055776,91.52237653839313,91.52237653839313,0.0,0.0,0.0,0.0,1,0.0
1788692831.0982802,142.84460920716572,242.71344959055776,246.5872596802222,242.71344959055776,0.0,2632827.5,3312866.5,2632827.5,3,1.2582922732309656
1788692831.241153,142.84460920716572,242.49422783895702,248.89466150639257,242.49422783895702,0.0,1008519.625,1270532.25,1008519.625,3,1.2597992329598942
1788692831.383948,142.84460920716572,242.86259360127414,248.46812985310362,242.86259360127414,0.0,2330872.0,2922857.5,2330872.0,3,1.2539759798049828
1788692831.5268033,142.84460920716572,242.2812898613927,245.26979815159677,242.2812898613927,0.0,6736707.0,7793942.0,6736707.0,3,1.1569364676243155
1788692831.690419,142.84460920716572,242.2783938611846,249.1004414457067,242.2783938611846,0.0,1869669.625,2243688.0,1869669.625,3,1.2000451684077609
1788692831.8333035,142.84460920716572,242.94094953143252,250.18409193866427,242.94094953143252,0.0,428251.5,2491781.75,428251.5,3,5.818500927609127
1788692831.976446,142.84460920716572,242.94094953143252,249.53194547671143,242.94094953143252,0.0,102031.109375,216252.09375,102031.109375,3,2.119472140160683
1788692832.119315,142.84460920716572,242.94094953143252,249.4457211686292,242.94094953143252,0.0,975555.875,1371294.25,975555.875,3,1.4056542378979575
1788692832.2623277,142.84460920716572,242.94094953143252,250.89891221644112,242.94094953143252,0.0,609312.3125,2938976.75,609312.3125,3,4.823432400276665
1788692832.4258447,142.84460920716572,242.94094953143252,249.93820512854379,249.93820512854379,0.0,481016.4375,550225.875,550225.875,3,1.0
1788692832.5687053,142.84460920716572,242.94094953143252,248.83870859671183,242.94094953143252,0.0,500041.625,298938.125,500041.625,2,1.0
1788692832.7114542,142.84460920716572,242.94094953143252,70.68993756982823,242.94094953143252,0.0,0.0,0.0,0.0,1,0.0
1788692832.8543653,142.84460920716572,242.94094953143252,88.50869217090842,88.50869217090842,0.0,0.0,0.0,0.0,1,0.0
1788692833.0077446,142.84460920716572,242.94094953143252,81.31703572964025,81.31703572964025,0.0,0.0,0.0,0.0,1,0.0
1788692833.160976,142.84460920716572,242.94094953143252,85.295593600416,85.295593600416,0.0,0.0,0.0,0.0,1,0.0
1788692833.30387,142.84460920716572,242.94094953143252,56.50352538068503,56.50352538068503,0.0,0.0,0.0,0.0,1,0.0
1788692833.4467378,142.84460920716572,242.94094953143252,248.38157769594122,248.38157769594122,0.0,0.0,0.0,0.0,1,0.0
1788692833.6103756,142.84460920716572,242.94094953143252,251.12529200629203,242.94094953143252,0.0,693111.5,199198.875,693111.5,2,1.0
1788692833.7531533,142.84460920716572,242.94094953143252,249.924353504907,242.94094953143252,0.0,637520.625,338629.96875,637520.625,2,1.0
1788692833.896007,142.84460920716572,243.23396464682608,250.4645121852283,243.23396464682608,0.0,1390360.5,1260297.125,1390360.5,2,1.0
1788692834.0390265,142.84460920716572,243.23426517514957,251.57501898200235,243.23426517514957,0.0,225770.453125,0.0,225770.453125,2,1.0
1788692834.2028046,142.84460920716572,243.31497069038244,247.80814233398362,243.31497069038244,0.0,2276466.5,2008524.875,2276466.5,2,1.0
1788692834.3456542,142.84460920716572,246.1756998015939,250.5548892483259,246.1756998015939,0.0,1841668.25,2807910.75,1841668.25,3,1.524656110024159
1788692834.488404,142.84460920716572,246.21329316278565,250.41883188005926,246.21329316278565,0.0,1000881.3125,88486.46875,1000881.3125,2,1.0
1788692834.6312842,142.84460920716572,246.21329316278565,251.86502881416106,246.21329316278565,0.0,0.0,0.0,0.0,1,0.0
1788692834.7949283,142.84460920716572,246.21329316278565,79.54968330076443,246.21329316278565,0.0,0.0,0.0,0.0,1,0.0
1788692834.9382365,142.84460920716572,246.21329316278565,210.9360491185868,246.21329316278565,0.0,0.0,0.0,0.0,1,0.0
1788692835.08118,142.58778043399488,246.21329316278565,185.78005259407962,246.21329316278565,0.0,0.0,0.0,0.0,1,0.0
